<?xml version="1.0" encoding="UTF-8"?>
<project-private xmlns="http://www.netbeans.org/ns/project-private/1">
    <editor-bookmarks xmlns="http://www.netbeans.org/ns/editor-bookmarks/2" lastBookmarkId="0"/>
    <open-files xmlns="http://www.netbeans.org/ns/projectui-open-files/2">
        <group>
            <file>file:/C:/Users/MARKSIM%20KARKI/Desktop/Fake%20Media%20Detection%20Full%20Project%20Java/FakeMediaDetection/src/fakemediadetection/MainFrame.java</file>
            <file>file:/C:/Users/MARKSIM%20KARKI/Desktop/Fake%20Media%20Detection%20Full%20Project%20Java/FakeMediaDetection/src/fakemediadetection/Main.java</file>
            <file>file:/C:/Users/MARKSIM%20KARKI/Desktop/Fake%20Media%20Detection%20Full%20Project%20Java/FakeMediaDetection/src/fakemediadetection/Reinforcement.java</file>
            <file>file:/C:/Users/MARKSIM%20KARKI/Desktop/Fake%20Media%20Detection%20Full%20Project%20Java/FakeMediaDetection/src/fakemediadetection/Blockchain.java</file>
            <file>file:/C:/Users/MARKSIM%20KARKI/Desktop/Fake%20Media%20Detection%20Full%20Project%20Java/FakeMediaDetection/src/fakemediadetection/NLPFrame.java</file>
        </group>
    </open-files>
</project-private>
